genres,sentiment_score
Racing,0.12847858690218295
Casual,0.09352284527518173
Indie,0.06927093044937532
Early Access,0.05015176735533139
Strategy,0.04908151221021506
Simulation,0.0375177238902516
Adventure,0.03704444879042712
RPG,0.026444411005779322
Action,0.017470787071617533
Free To Play,-0.03135566280380314
Massively Multiplayer,-0.06562293102776806
Sports,-0.09679102530654843
